[
  {
    "id": 1,
    "image": "dataset/Aria-UI_Context-aware_Data/AMEX/screenshot/2024_4_30_2_43_4fec9d235cd24b52bbc95c8a3b76602a-17.png",
    "bbox": [
      29,
      458,
      136,
      512
    ],
    "conversations": [
      {
        "from": "human",
        "value": "<image>mark APA Hotel & Resort as a favorite"
      },
      {
        "from": "gpt",
        "value": "(82, 485)"
      }
    ]
  },
  {
    "id": 1,
    "image": "desktop_domain/windows_split/20240828_195428_before_screenshot_sub3.png",
    "bbox": [
      477,
      122,
      800,
      185
    ],
    "conversations": [
      {
        "from": "human",
        "value": "<image>Log in with a managed Meta account"
      },
      {
        "from": "gpt",
        "value": "(638, 153)"
      }
    ]
  },
  {
    "id": 1,
    "image": "desktop_domain/windows_split/20240823_031729_before_screenshot.png",
    "bbox": [
      164,
      405,
      269,
      420
    ],
    "conversations": [
      {
        "from": "human",
        "value": "<image>www.healthtechconnect.org.uk"
      },
      {
        "from": "gpt",
        "value": "(216, 412)"
      }
    ]
  },
  {
    "id": 1,
    "image": "dataset/Aria-UI_Context-aware_Data/AMEX/screenshot/Vibrary_2024_3_9_16_12-296.png",
    "bbox": [
      407,
      501,
      465,
      528
    ],
    "conversations": [
      {
        "from": "human",
        "value": "<image>wait for the content to load"
      },
      {
        "from": "gpt",
        "value": "(436.0, 514.5)"
      }
    ]
  },
  {
    "id": 1,
    "image": "dataset/Aria-UI_Data/web/images/screenshot_5aabb5fe-d49e-425e-a8e8-700e4ac26727_part_1.png",
    "bbox": [
      819,
      361,
      840,
      390
    ],
    "conversations": [
      {
        "from": "human",
        "value": "<image>show filter options."
      },
      {
        "from": "gpt",
        "value": "(829.5, 375.5)"
      }
    ]
  },
  {
    "id": 1,
    "image": "dataset/Aria-UI_Data/web/images/screenshot_a1112510-b5e5-46c3-b2ec-e72d2bbda327_part_3.png",
    "bbox": [
      691,
      569,
      815,
      601
    ],
    "conversations": [
      {
        "from": "human",
        "value": "<image>learn how to make bamboo furniture."
      },
      {
        "from": "gpt",
        "value": "(753, 585)"
      }
    ]
  },
  {
    "id": 1,
    "image": "dataset/Aria-UI_Context-aware_Data/AMEX/screenshot/IKEA_HK_2024_3_6_15_5-29.png",
    "bbox": [
      50,
      431,
      950,
      662
    ],
    "conversations": [
      {
        "from": "human",
        "value": "<image>This input describes a visual scene rather than an interactive GUI element. However, if we were to consider the elements within this scene as potentially interactive in a digital context, such as in a virtual home design app or an e-commerce platform, the instructions could be:"
      },
      {
        "from": "gpt",
        "value": "(500, 546)"
      }
    ]
  },
  {
    "id": 1,
    "image": "desktop_domain/windows_split/20240823_121023_before_screenshot_sub2.png",
    "bbox": [
      166,
      472,
      690,
      533
    ],
    "conversations": [
      {
        "from": "human",
        "value": "<image>finding and restoring files in the"
      },
      {
        "from": "gpt",
        "value": "(428, 502)"
      }
    ]
  },
  {
    "id": 1,
    "image": "desktop_domain/windows_split/20240822_172505_before_screenshot_sub1.png",
    "bbox": [
      820,
      511,
      845,
      556
    ],
    "conversations": [
      {
        "from": "human",
        "value": "<image>Swap \"from\" and \"to\" languages."
      },
      {
        "from": "gpt",
        "value": "(832, 533)"
      }
    ]
  },
  {
    "id": 1,
    "image": "dataset/Aria-UI_Context-aware_Data/AMEX/screenshot/2024_4_30_1_26_106a1b1157e54ed19b86e0816fb9fe8f-19.png",
    "bbox": [
      48,
      172,
      97,
      195
    ],
    "conversations": [
      {
        "from": "human",
        "value": "<image>open the calendar to pick the pick-up date"
      },
      {
        "from": "gpt",
        "value": "(72.5, 183.5)"
      }
    ]
  },
  {
    "id": 1,
    "image": "dataset/Aria-UI_Data/web/images/screenshot_411290ea-400a-4f5a-a674-21d43b6eff48_part_6.png",
    "bbox": [
      4,
      178,
      73,
      195
    ],
    "conversations": [
      {
        "from": "human",
        "value": "<image>show infographic results."
      },
      {
        "from": "gpt",
        "value": "(38, 186)"
      }
    ]
  },
  {
    "id": 1,
    "image": "desktop_domain/windows_split/20240823_204822_before_screenshot_sub3.png",
    "bbox": [
      628,
      881,
      641,
      904
    ],
    "conversations": [
      {
        "from": "human",
        "value": "<image>Column right"
      },
      {
        "from": "gpt",
        "value": "(634, 892)"
      }
    ]
  },
  {
    "id": 1,
    "image": "desktop_domain/windows_split/20240828_194649_before_screenshot_sub1.png",
    "bbox": [
      7,
      511,
      88,
      538
    ],
    "conversations": [
      {
        "from": "human",
        "value": "<image>Marketing API"
      },
      {
        "from": "gpt",
        "value": "(47, 524)"
      }
    ]
  },
  {
    "id": 1,
    "image": "dataset/Aria-UI_Data/web/images/screenshot_86d39d18-4b51-4e70-a432-2fd4caae0339_part_3.png",
    "bbox": [
      622,
      758,
      676,
      797
    ],
    "conversations": [
      {
        "from": "human",
        "value": "<image>sign up for an account."
      },
      {
        "from": "gpt",
        "value": "(649.0, 777.5)"
      }
    ]
  },
  {
    "id": 1,
    "image": "dataset/Aria-UI_Context-aware_Data/AMEX/screenshot/Mimo_2024_2_2_15_53-136.png",
    "bbox": [
      291,
      816,
      525,
      964
    ],
    "conversations": [
      {
        "from": "human",
        "value": "<image>add the bat-like character to your collection for 400 coins."
      },
      {
        "from": "gpt",
        "value": "(408, 890)"
      }
    ]
  },
  {
    "id": 1,
    "image": "dataset/Aria-UI_Context-aware_Data/AMEX/screenshot/\u61c2\u8f66\u5e1d_2024_3_11_15_18-209.png",
    "bbox": [
      675,
      954,
      758,
      1000
    ],
    "conversations": [
      {
        "from": "human",
        "value": "<image>add your reaction to the content"
      },
      {
        "from": "gpt",
        "value": "(716.5, 977.0)"
      }
    ]
  },
  {
    "id": 1,
    "image": "dataset/Aria-UI_Data/web/images/screenshot_b249f3fd-e8bc-4bc4-bf4b-3b5667f8a260_part_1.png",
    "bbox": [
      494,
      885,
      536,
      902
    ],
    "conversations": [
      {
        "from": "human",
        "value": "<image>click to reveal more details."
      },
      {
        "from": "gpt",
        "value": "(515.0, 893.5)"
      }
    ]
  },
  {
    "id": 1,
    "image": "dataset/Aria-UI_Context-aware_Data/AMEX/screenshot/2024_5_6_22_7_4ee6eda49b5041d0acb59b586f8d4c67-7.png",
    "bbox": [
      205,
      227,
      617,
      273
    ],
    "conversations": [
      {
        "from": "human",
        "value": "<image>check every post in the subreddit"
      },
      {
        "from": "gpt",
        "value": "(411, 250)"
      }
    ]
  },
  {
    "id": 1,
    "image": "dataset/Aria-UI_Context-aware_Data/android_control/images/5537-2.png",
    "bbox": [
      58,
      137,
      116,
      163
    ],
    "conversations": [
      {
        "from": "human",
        "value": "<image>Click on the search icon at the left corner of the screen"
      },
      {
        "from": "gpt",
        "value": "(86, 150)"
      }
    ]
  },
  {
    "id": 1,
    "image": "desktop_domain/windows_split/20240822_111054_before_screenshot_sub1.png",
    "bbox": [
      5,
      306,
      41,
      336
    ],
    "conversations": [
      {
        "from": "human",
        "value": "<image>Savings"
      },
      {
        "from": "gpt",
        "value": "(23, 321)"
      }
    ]
  },
  {
    "id": 1,
    "image": "dataset/Aria-UI_Context-aware_Data/AMEX/screenshot/NewsBreak_2024_3_3_19_27-233.png",
    "bbox": [
      669,
      517,
      863,
      573
    ],
    "conversations": [
      {
        "from": "human",
        "value": "<image>follow the New York Post for updates"
      },
      {
        "from": "gpt",
        "value": "(766, 545)"
      }
    ]
  },
  {
    "id": 1,
    "image": "desktop_domain/windows_split/20240824_072442_before_screenshot.png",
    "bbox": [
      622,
      115,
      661,
      131
    ],
    "conversations": [
      {
        "from": "human",
        "value": "<image>Regional Info"
      },
      {
        "from": "gpt",
        "value": "(641, 123)"
      }
    ]
  },
  {
    "id": 1,
    "image": "dataset/Aria-UI_Context-aware_Data/AMEX/screenshot/2024_5_6_19_4_5c41a00e3cf948ec9e95902e0f57d46c-3.png",
    "bbox": [
      789,
      100,
      983,
      221
    ],
    "conversations": [
      {
        "from": "human",
        "value": "<image>open the Maps feature"
      },
      {
        "from": "gpt",
        "value": "(886, 160)"
      }
    ]
  },
  {
    "id": 1,
    "image": "dataset/Aria-UI_Data/web/images/screenshot_cee03f6b-400c-4c0d-bd1b-684ee8cf3c76_part_2.png",
    "bbox": [
      623,
      87,
      643,
      122
    ],
    "conversations": [
      {
        "from": "human",
        "value": "<image>remove one item from the cart."
      },
      {
        "from": "gpt",
        "value": "(633, 104)"
      }
    ]
  },
  {
    "id": 1,
    "image": "dataset/Aria-UI_Context-aware_Data/AMEX/screenshot/beIN_SPORTS_2024_2_5_16_41-159.png",
    "bbox": [
      24,
      919,
      143,
      983
    ],
    "conversations": [
      {
        "from": "human",
        "value": "<image>return to the home page using the Home button."
      },
      {
        "from": "gpt",
        "value": "(83, 951)"
      }
    ]
  },
  {
    "id": 1,
    "image": "dataset/Aria-UI_Context-aware_Data/android_control/images/7739-1.png",
    "bbox": [
      531,
      60,
      648,
      113
    ],
    "conversations": [
      {
        "from": "human",
        "value": "<image>Click on the search icon at the top of the screen."
      },
      {
        "from": "gpt",
        "value": "(589, 86)"
      }
    ]
  },
  {
    "id": 1,
    "image": "dataset/Aria-UI_Data/web/images/screenshot_ac9bd2ce-4984-4274-9b98-05e25845f82a_part_1.png",
    "bbox": [
      583,
      750,
      628,
      795
    ],
    "conversations": [
      {
        "from": "human",
        "value": "<image>view notes."
      },
      {
        "from": "gpt",
        "value": "(605, 772)"
      }
    ]
  },
  {
    "id": 1,
    "image": "dataset/Aria-UI_Data/web/images/screenshot_9b1ba1ac-da84-486c-9176-45adf4859ecd_part_1.png",
    "bbox": [
      103,
      924,
      214,
      960
    ],
    "conversations": [
      {
        "from": "human",
        "value": "<image>apply to become a guest blogger."
      },
      {
        "from": "gpt",
        "value": "(158, 942)"
      }
    ]
  },
  {
    "id": 1,
    "image": "dataset/Aria-UI_Context-aware_Data/AMEX/screenshot/2024_4_25_16_56_bd144cb06ef54b0a9ae17a6c5b809d3a-15.png",
    "bbox": [
      0,
      166,
      1000,
      233
    ],
    "conversations": [
      {
        "from": "human",
        "value": "<image>tap the 'Share experiences, earn discounts!' button"
      },
      {
        "from": "gpt",
        "value": "(500, 199)"
      }
    ]
  },
  {
    "id": 1,
    "image": "dataset/Aria-UI_Data/web/images/screenshot_0de2c3e9-6839-4698-bd31-b8bb68a36abb_part_4.png",
    "bbox": [
      550,
      863,
      646,
      910
    ],
    "conversations": [
      {
        "from": "human",
        "value": "<image>join the directory."
      },
      {
        "from": "gpt",
        "value": "(598, 886)"
      }
    ]
  },
  {
    "id": 1,
    "image": "desktop_domain/windows_split/20240823_031030_before_screenshot_sub0.png",
    "bbox": [
      595,
      247,
      644,
      297
    ],
    "conversations": [
      {
        "from": "human",
        "value": "<image>TOOLS"
      },
      {
        "from": "gpt",
        "value": "(619, 272)"
      }
    ]
  },
  {
    "id": 1,
    "image": "dataset/Aria-UI_Context-aware_Data/AMEX/screenshot/2024_4_1_19_4_8320b626dfd74d8ebb7c8319fd216b06-4.png",
    "bbox": [
      8,
      585,
      991,
      639
    ],
    "conversations": [
      {
        "from": "human",
        "value": "<image>explore future NBA events"
      },
      {
        "from": "gpt",
        "value": "(499, 612)"
      }
    ]
  },
  {
    "id": 1,
    "image": "dataset/Aria-UI_Data/web/images/screenshot_98f3d512-4164-4b90-87a8-0440a34eff16_part_1.png",
    "bbox": [
      327,
      454,
      379,
      486
    ],
    "conversations": [
      {
        "from": "human",
        "value": "<image>start the quoting process."
      },
      {
        "from": "gpt",
        "value": "(353, 470)"
      }
    ]
  },
  {
    "id": 1,
    "image": "desktop_domain/windows_split/20240823_123311_before_screenshot_sub1.png",
    "bbox": [
      259,
      0,
      386,
      57
    ],
    "conversations": [
      {
        "from": "human",
        "value": "<image>Google"
      },
      {
        "from": "gpt",
        "value": "(322, 28)"
      }
    ]
  },
  {
    "id": 1,
    "image": "dataset/Aria-UI_Data/web/images/screenshot_677db173-866c-46ed-9368-0402ea493190_part_5.png",
    "bbox": [
      255,
      132,
      306,
      152
    ],
    "conversations": [
      {
        "from": "human",
        "value": "<image>see featured posts."
      },
      {
        "from": "gpt",
        "value": "(280.5, 142.0)"
      }
    ]
  },
  {
    "id": 1,
    "image": "desktop_domain/windows_split/20240827_022106_before_screenshot.png",
    "bbox": [
      89,
      0,
      117,
      24
    ],
    "conversations": [
      {
        "from": "human",
        "value": "<image>Best SSL Certificates Provider in India - GeeksforGeeks"
      },
      {
        "from": "gpt",
        "value": "(103, 12)"
      }
    ]
  },
  {
    "id": 1,
    "image": "desktop_domain/windows_split/20240827_111141_before_screenshot_sub0.png",
    "bbox": [
      0,
      400,
      238,
      467
    ],
    "conversations": [
      {
        "from": "human",
        "value": "<image>Using Google services"
      },
      {
        "from": "gpt",
        "value": "(119, 433)"
      }
    ]
  },
  {
    "id": 1,
    "image": "desktop_domain/windows_split/20240823_215036_before_screenshot.png",
    "bbox": [
      680,
      62,
      714,
      78
    ],
    "conversations": [
      {
        "from": "human",
        "value": "<image>Hide Detail"
      },
      {
        "from": "gpt",
        "value": "(697, 70)"
      }
    ]
  },
  {
    "id": 1,
    "image": "dataset/Aria-UI_Context-aware_Data/AMEX/screenshot/2024_4_24_19_31_c91e5144e890424ab9365b0f37d9e28e-1.png",
    "bbox": [
      91,
      104,
      947,
      131
    ],
    "conversations": [
      {
        "from": "human",
        "value": "<image>see the date for Wednesday, April 24"
      },
      {
        "from": "gpt",
        "value": "(519, 117)"
      }
    ]
  },
  {
    "id": 1,
    "image": "desktop_domain/windows_split/20240823_122523_before_screenshot_sub1.png",
    "bbox": [
      195,
      746,
      261,
      793
    ],
    "conversations": [
      {
        "from": "human",
        "value": "<image>Losers"
      },
      {
        "from": "gpt",
        "value": "(228, 769)"
      }
    ]
  },
  {
    "id": 1,
    "image": "desktop_domain/windows_split/20240828_142836_before_screenshot_sub2.png",
    "bbox": [
      169,
      776,
      644,
      815
    ],
    "conversations": [
      {
        "from": "human",
        "value": "<image>News about GitHub"
      },
      {
        "from": "gpt",
        "value": "(406, 795)"
      }
    ]
  },
  {
    "id": 1,
    "image": "dataset/Aria-UI_Data/web/images/screenshot_b693ec52-d7ad-4b48-bcd7-9a58b31a0900_part_14.png",
    "bbox": [
      263,
      125,
      277,
      151
    ],
    "conversations": [
      {
        "from": "human",
        "value": "<image>quote this post."
      },
      {
        "from": "gpt",
        "value": "(270, 138)"
      }
    ]
  },
  {
    "id": 1,
    "image": "desktop_domain/windows_split/20240823_120756_before_screenshot_sub1.png",
    "bbox": [
      906,
      71,
      925,
      104
    ],
    "conversations": [
      {
        "from": "human",
        "value": "<image>Bookmark this tab"
      },
      {
        "from": "gpt",
        "value": "(915, 87)"
      }
    ]
  },
  {
    "id": 1,
    "image": "dataset/Aria-UI_Context-aware_Data/AMEX/screenshot/2024_5_8_17_31_d64ad55c68ae4547b72f3d4a6e02d594-9.png",
    "bbox": [
      581,
      9,
      681,
      57
    ],
    "conversations": [
      {
        "from": "human",
        "value": "<image>adjust the image orientation with the rotate icon"
      },
      {
        "from": "gpt",
        "value": "(631, 33)"
      }
    ]
  },
  {
    "id": 1,
    "image": "desktop_domain/windows_split/20240823_050532_before_screenshot_sub1.png",
    "bbox": [
      87,
      211,
      165,
      242
    ],
    "conversations": [
      {
        "from": "human",
        "value": "<image>Fire information"
      },
      {
        "from": "gpt",
        "value": "(126, 226)"
      }
    ]
  },
  {
    "id": 1,
    "image": "desktop_domain/windows_split/20240828_135606_before_screenshot_sub1.png",
    "bbox": [
      137,
      0,
      178,
      49
    ],
    "conversations": [
      {
        "from": "human",
        "value": "<image>Day 1: Arriving in Yemen (surreal to be here) - YouTube"
      },
      {
        "from": "gpt",
        "value": "(157, 24)"
      }
    ]
  },
  {
    "id": 1,
    "image": "dataset/Aria-UI_Data/web/images/screenshot_746bb074-9da8-4aa9-b061-0a9c416d457a_part_2.png",
    "bbox": [
      678,
      670,
      700,
      765
    ],
    "conversations": [
      {
        "from": "human",
        "value": "<image>check out Thai news."
      },
      {
        "from": "gpt",
        "value": "(689.0, 717.5)"
      }
    ]
  },
  {
    "id": 1,
    "image": "dataset/Aria-UI_Context-aware_Data/AMEX/screenshot/2024_4_23_12_38_03629afb71d949559047559a7aea6686-7.png",
    "bbox": [
      0,
      166,
      1000,
      244
    ],
    "conversations": [
      {
        "from": "human",
        "value": "<image>select sorting criteria for the list"
      },
      {
        "from": "gpt",
        "value": "(500.0, 205.0)"
      }
    ]
  },
  {
    "id": 1,
    "image": "dataset/Aria-UI_Context-aware_Data/AMEX/screenshot/2024_5_6_21_43_d1bde1358b1f4b74bd00a9d87adeb90f-13.png",
    "bbox": [
      269,
      773,
      532,
      820
    ],
    "conversations": [
      {
        "from": "human",
        "value": "<image>post a comment on the cat's photo"
      },
      {
        "from": "gpt",
        "value": "(400, 796)"
      }
    ]
  },
  {
    "id": 1,
    "image": "desktop_domain/windows_split/20240827_124808_before_screenshot.png",
    "bbox": [
      144,
      0,
      173,
      28
    ],
    "conversations": [
      {
        "from": "human",
        "value": "<image>Privacy Help Center - Policies Help"
      },
      {
        "from": "gpt",
        "value": "(158, 14)"
      }
    ]
  },
  {
    "id": 1,
    "image": "dataset/Aria-UI_Data/web/images/screenshot_0b1312fe-a57d-4201-8a49-71f73917ad69_part_3.png",
    "bbox": [
      714,
      694,
      731,
      724
    ],
    "conversations": [
      {
        "from": "human",
        "value": "<image>send your inquiry."
      },
      {
        "from": "gpt",
        "value": "(722, 709)"
      }
    ]
  },
  {
    "id": 1,
    "image": "dataset/Aria-UI_Data/web/images/screenshot_e6c4ec09-c6aa-4fa7-bed9-456dc8be30f4_part_1.png",
    "bbox": [
      786,
      426,
      864,
      463
    ],
    "conversations": [
      {
        "from": "human",
        "value": "<image>post to social media."
      },
      {
        "from": "gpt",
        "value": "(825.0, 444.5)"
      }
    ]
  },
  {
    "id": 1,
    "image": "dataset/Aria-UI_Context-aware_Data/AMEX/screenshot/IKEA_HK_2024_3_6_15_5-407.png",
    "bbox": [
      0,
      945,
      200,
      997
    ],
    "conversations": [
      {
        "from": "human",
        "value": "<image>access the homepage by tapping the house icon"
      },
      {
        "from": "gpt",
        "value": "(100.0, 971.0)"
      }
    ]
  },
  {
    "id": 1,
    "image": "dataset/Aria-UI_Data/web/images/screenshot_e44f96ed-e173-4565-b07a-89d9e0157e2d_part_2.png",
    "bbox": [
      320,
      662,
      332,
      698
    ],
    "conversations": [
      {
        "from": "human",
        "value": "<image>find assistance."
      },
      {
        "from": "gpt",
        "value": "(326, 680)"
      }
    ]
  },
  {
    "id": 1,
    "image": "dataset/Aria-UI_Data/web/images/screenshot_85527c1a-d13c-42da-833f-af7888086e3b_part_2.png",
    "bbox": [
      218,
      777,
      413,
      837
    ],
    "conversations": [
      {
        "from": "human",
        "value": "<image>book a free consultation."
      },
      {
        "from": "gpt",
        "value": "(315, 807)"
      }
    ]
  },
  {
    "id": 1,
    "image": "dataset/Aria-UI_Context-aware_Data/AMEX/screenshot/2024_4_30_12_40_4e3d223964854168bd1b9edbebfbb9b0-2.png",
    "bbox": [
      200,
      910,
      400,
      973
    ],
    "conversations": [
      {
        "from": "human",
        "value": "<image>discover new destinations"
      },
      {
        "from": "gpt",
        "value": "(300.0, 941.5)"
      }
    ]
  },
  {
    "id": 1,
    "image": "dataset/Aria-UI_Data/web/images/screenshot_607f8802-c9a2-4fc4-8df1-fc18da45611e_part_1.png",
    "bbox": [
      433,
      630,
      444,
      643
    ],
    "conversations": [
      {
        "from": "human",
        "value": "<image>send the blog post to Facebook."
      },
      {
        "from": "gpt",
        "value": "(438.5, 636.5)"
      }
    ]
  },
  {
    "id": 1,
    "image": "dataset/Aria-UI_Data/web/images/screenshot_16b9c5c5-0d3c-446d-abc6-ae94e3553191_part_3.png",
    "bbox": [
      667,
      657,
      770,
      699
    ],
    "conversations": [
      {
        "from": "human",
        "value": "<image>send a message."
      },
      {
        "from": "gpt",
        "value": "(718.5, 678.0)"
      }
    ]
  },
  {
    "id": 1,
    "image": "dataset/Aria-UI_Data/web/images/screenshot_cef53535-12ea-4317-a15b-026de3567312_part_1.png",
    "bbox": [
      629,
      776,
      647,
      808
    ],
    "conversations": [
      {
        "from": "human",
        "value": "<image>follow us on Google News."
      },
      {
        "from": "gpt",
        "value": "(638.0, 792.0)"
      }
    ]
  },
  {
    "id": 1,
    "image": "dataset/Aria-UI_Data/web/images/screenshot_f6d92fac-6aac-43db-95ba-d55548f839ad_part_4.png",
    "bbox": [
      143,
      668,
      167,
      710
    ],
    "conversations": [
      {
        "from": "human",
        "value": "<image>open the grid menu."
      },
      {
        "from": "gpt",
        "value": "(155, 689)"
      }
    ]
  },
  {
    "id": 1,
    "image": "desktop_domain/windows_split/20240824_034716_before_screenshot.png",
    "bbox": [
      16,
      32,
      29,
      56
    ],
    "conversations": [
      {
        "from": "human",
        "value": "<image>Forward"
      },
      {
        "from": "gpt",
        "value": "(22, 44)"
      }
    ]
  },
  {
    "id": 1,
    "image": "desktop_domain/windows_split/20240823_140038_before_screenshot.png",
    "bbox": [
      860,
      542,
      972,
      570
    ],
    "conversations": [
      {
        "from": "human",
        "value": "<image>Resume, 0 issues. Press space or enter to review items."
      },
      {
        "from": "gpt",
        "value": "(916, 556)"
      }
    ]
  },
  {
    "id": 1,
    "image": "desktop_domain/windows_split/20240823_074513_before_screenshot.png",
    "bbox": [
      157,
      489,
      240,
      501
    ],
    "conversations": [
      {
        "from": "human",
        "value": "<image>Template:Wikitext navbox/doc"
      },
      {
        "from": "gpt",
        "value": "(198, 495)"
      }
    ]
  },
  {
    "id": 1,
    "image": "dataset/Aria-UI_Context-aware_Data/AMEX/screenshot/2024_4_30_13_42_7b03202f25e240be8864e3726bbc41b6-15.png",
    "bbox": [
      405,
      132,
      679,
      214
    ],
    "conversations": [
      {
        "from": "human",
        "value": "<image>confirm your destination as Seoul (SEL)"
      },
      {
        "from": "gpt",
        "value": "(542, 173)"
      }
    ]
  },
  {
    "id": 1,
    "image": "desktop_domain/windows_split/20240824_053812_before_screenshot_sub1.png",
    "bbox": [
      905,
      119,
      994,
      158
    ],
    "conversations": [
      {
        "from": "human",
        "value": "<image>All Bookmarks"
      },
      {
        "from": "gpt",
        "value": "(949, 138)"
      }
    ]
  },
  {
    "id": 1,
    "image": "dataset/Aria-UI_Context-aware_Data/AMEX/screenshot/NewsBreak_2024_3_3_19_27-466.png",
    "bbox": [
      874,
      316,
      961,
      341
    ],
    "conversations": [
      {
        "from": "human",
        "value": "<image>check the location details"
      },
      {
        "from": "gpt",
        "value": "(917.5, 328.5)"
      }
    ]
  },
  {
    "id": 1,
    "image": "desktop_domain/windows_split/20240823_074206_before_screenshot_sub0.png",
    "bbox": [
      198,
      440,
      235,
      465
    ],
    "conversations": [
      {
        "from": "human",
        "value": "<image>Fistula"
      },
      {
        "from": "gpt",
        "value": "(216, 452)"
      }
    ]
  },
  {
    "id": 1,
    "image": "desktop_domain/windows_split/20240822_023514_before_screenshot_sub3.png",
    "bbox": [
      495,
      642,
      523,
      672
    ],
    "conversations": [
      {
        "from": "human",
        "value": "<image>25"
      },
      {
        "from": "gpt",
        "value": "(509, 657)"
      }
    ]
  },
  {
    "id": 1,
    "image": "dataset/Aria-UI_Context-aware_Data/android_control/images/15407-2.png",
    "bbox": [
      498,
      180,
      962,
      224
    ],
    "conversations": [
      {
        "from": "human",
        "value": "<image>Click on Smart Bazaar at the top right of the screen."
      },
      {
        "from": "gpt",
        "value": "(729, 202)"
      }
    ]
  },
  {
    "id": 1,
    "image": "desktop_domain/windows_split/20240822_121845_before_screenshot_sub3.png",
    "bbox": [
      880,
      944,
      909,
      1000
    ],
    "conversations": [
      {
        "from": "human",
        "value": "<image>Tray Input Indicator - Chinese (Simplified, China)"
      },
      {
        "from": "gpt",
        "value": "(894, 972)"
      }
    ]
  },
  {
    "id": 1,
    "image": "dataset/Aria-UI_Data/web/images/screenshot_67e9385d-2686-4a08-9d78-fa1847873eea_part_4.png",
    "bbox": [
      423,
      73,
      576,
      121
    ],
    "conversations": [
      {
        "from": "human",
        "value": "<image>navigate to full brand list."
      },
      {
        "from": "gpt",
        "value": "(499.5, 97.0)"
      }
    ]
  },
  {
    "id": 1,
    "image": "dataset/Aria-UI_Context-aware_Data/AMEX/screenshot/\u61c2\u8f66\u5e1d_2024_3_11_15_18-173.png",
    "bbox": [
      0,
      390,
      1000,
      653
    ],
    "conversations": [
      {
        "from": "human",
        "value": "<image>The cartoon character, resembling a tiger, is a decorative element placed inside an open cardboard box at the center of the image. The tiger is predominantly yellow with black stripes and wears a black outfit with the word SCAR on it. The box has a simple design with a yellow circle on one side, and the text \u6682\u65e0\u6570\u636e (No data available) is displayed below, suggesting this area is currently a placeholder or not active."
      },
      {
        "from": "gpt",
        "value": "(500, 521)"
      }
    ]
  },
  {
    "id": 1,
    "image": "desktop_domain/windows_split/20240822_173400_before_screenshot_sub1.png",
    "bbox": [
      795,
      131,
      830,
      157
    ],
    "conversations": [
      {
        "from": "human",
        "value": "<image>Duration"
      },
      {
        "from": "gpt",
        "value": "(812, 144)"
      }
    ]
  },
  {
    "id": 1,
    "image": "dataset/Aria-UI_Context-aware_Data/android_control/images/17285-8.png",
    "bbox": [
      49,
      333,
      950,
      386
    ],
    "conversations": [
      {
        "from": "human",
        "value": "<image>Click on the tab search."
      },
      {
        "from": "gpt",
        "value": "(644, 367)"
      }
    ]
  },
  {
    "id": 1,
    "image": "dataset/Aria-UI_Data/web/images/screenshot_c76c341b-d475-45e3-a802-486b5728bf03_part_2.png",
    "bbox": [
      641,
      829,
      696,
      861
    ],
    "conversations": [
      {
        "from": "human",
        "value": "<image>select Murfreesboro for more info."
      },
      {
        "from": "gpt",
        "value": "(668, 845)"
      }
    ]
  },
  {
    "id": 1,
    "image": "dataset/Aria-UI_Data/web/images/screenshot_0266c9fa-936f-433f-acab-715c94b3ee7d_part_1.png",
    "bbox": [
      130,
      684,
      171,
      712
    ],
    "conversations": [
      {
        "from": "human",
        "value": "<image>hide additional options."
      },
      {
        "from": "gpt",
        "value": "(150.5, 698.0)"
      }
    ]
  },
  {
    "id": 1,
    "image": "dataset/Aria-UI_Context-aware_Data/AMEX/screenshot/mobile-40.png",
    "bbox": [
      659,
      616,
      978,
      741
    ],
    "conversations": [
      {
        "from": "human",
        "value": "<image>press 9 to dial"
      },
      {
        "from": "gpt",
        "value": "(818, 678)"
      }
    ]
  },
  {
    "id": 1,
    "image": "dataset/Aria-UI_Context-aware_Data/android_control/images/15686-0.png",
    "bbox": [
      883,
      606,
      1000,
      658
    ],
    "conversations": [
      {
        "from": "human",
        "value": "<image>Click on the three dot icon of the untitled.docx"
      },
      {
        "from": "gpt",
        "value": "(940, 632)"
      }
    ]
  },
  {
    "id": 1,
    "image": "desktop_domain/windows_split/20240823_085235_before_screenshot_sub3.png",
    "bbox": [
      579,
      835,
      645,
      953
    ],
    "conversations": [
      {
        "from": "human",
        "value": "<image>Fish Merge FRVR"
      },
      {
        "from": "gpt",
        "value": "(612, 894)"
      }
    ]
  },
  {
    "id": 1,
    "image": "dataset/Aria-UI_Data/web/images/screenshot_38bab913-a9ad-417e-97cd-46a6ec4b97ab_part_1.png",
    "bbox": [
      698,
      335,
      761,
      383
    ],
    "conversations": [
      {
        "from": "human",
        "value": "<image>add the selected item to your cart."
      },
      {
        "from": "gpt",
        "value": "(729, 359)"
      }
    ]
  },
  {
    "id": 1,
    "image": "dataset/Aria-UI_Data/web/images/screenshot_b3404bad-5ed2-4d53-94e6-f23ed4509ff1_part_1.png",
    "bbox": [
      739,
      236,
      786,
      273
    ],
    "conversations": [
      {
        "from": "human",
        "value": "<image>run a new search."
      },
      {
        "from": "gpt",
        "value": "(762, 254)"
      }
    ]
  },
  {
    "id": 1,
    "image": "dataset/Aria-UI_Context-aware_Data/AMEX/screenshot/Moshi_2024_3_7_16_37-65.png",
    "bbox": [
      514,
      423,
      623,
      476
    ],
    "conversations": [
      {
        "from": "human",
        "value": "<image>save the story to favorites"
      },
      {
        "from": "gpt",
        "value": "(568.5, 449.5)"
      }
    ]
  },
  {
    "id": 1,
    "image": "desktop_domain/windows_split/20240822_154234_before_screenshot_sub0.png",
    "bbox": [
      431,
      150,
      448,
      182
    ],
    "conversations": [
      {
        "from": "human",
        "value": "<image>Font Color Red"
      },
      {
        "from": "gpt",
        "value": "(439, 166)"
      }
    ]
  },
  {
    "id": 1,
    "image": "dataset/Aria-UI_Data/web/images/screenshot_ec3e0d64-7dd4-4c41-aba6-eef7f1e89ae3_part_2.png",
    "bbox": [
      627,
      622,
      716,
      657
    ],
    "conversations": [
      {
        "from": "human",
        "value": "<image>add a new review."
      },
      {
        "from": "gpt",
        "value": "(671.5, 639.5)"
      }
    ]
  },
  {
    "id": 1,
    "image": "dataset/Aria-UI_Context-aware_Data/AMEX/screenshot/Podcasts_2024_3_9_13_58-158.png",
    "bbox": [
      0,
      347,
      1000,
      576
    ],
    "conversations": [
      {
        "from": "human",
        "value": "<image>listen to the Taiwan Lantern Festival episode"
      },
      {
        "from": "gpt",
        "value": "(500.0, 461.5)"
      }
    ]
  },
  {
    "id": 1,
    "image": "dataset/Aria-UI_Data/web/images/screenshot_a721303c-a2c1-4aa7-a7d7-4706cc628ba4_part_4.png",
    "bbox": [
      677,
      575,
      747,
      605
    ],
    "conversations": [
      {
        "from": "human",
        "value": "<image>join the Social Beer Walk."
      },
      {
        "from": "gpt",
        "value": "(712.0, 590.0)"
      }
    ]
  },
  {
    "id": 1,
    "image": "dataset/Aria-UI_Data/web/images/screenshot_d133b2cd-e168-4970-a96f-f5fda40015cf_part_3.png",
    "bbox": [
      779,
      937,
      796,
      966
    ],
    "conversations": [
      {
        "from": "human",
        "value": "<image>show the current quote."
      },
      {
        "from": "gpt",
        "value": "(787, 951)"
      }
    ]
  },
  {
    "id": 1,
    "image": "dataset/Aria-UI_Context-aware_Data/AMEX/screenshot/2024_4_2_16_0_5c59797488b74e00a15dd2b773d150bb-20.png",
    "bbox": [
      375,
      579,
      700,
      911
    ],
    "conversations": [
      {
        "from": "human",
        "value": "<image>view the Top Rated Plus details for the Nike Free Trainer Sneakers"
      },
      {
        "from": "gpt",
        "value": "(537, 745)"
      }
    ]
  },
  {
    "id": 1,
    "image": "dataset/Aria-UI_Data/web/images/screenshot_616e7b84-86e6-4670-93c6-7458ca1d6aed_part_1.png",
    "bbox": [
      645,
      954,
      700,
      987
    ],
    "conversations": [
      {
        "from": "human",
        "value": "<image>confirm the agreement."
      },
      {
        "from": "gpt",
        "value": "(672, 970)"
      }
    ]
  },
  {
    "id": 1,
    "image": "dataset/Aria-UI_Data/web/images/screenshot_895fac11-81dc-4a9d-a491-396a7402120f_part_1.png",
    "bbox": [
      160,
      84,
      202,
      120
    ],
    "conversations": [
      {
        "from": "human",
        "value": "<image>open the menu."
      },
      {
        "from": "gpt",
        "value": "(181, 102)"
      }
    ]
  },
  {
    "id": 1,
    "image": "dataset/Aria-UI_Context-aware_Data/AMEX/screenshot/2024_5_4_11_45_02e65ceffe07490dbf7045e39af0c9a3-5.png",
    "bbox": [
      9,
      161,
      990,
      364
    ],
    "conversations": [
      {
        "from": "human",
        "value": "<image>view the 'Animal Farm' book cover"
      },
      {
        "from": "gpt",
        "value": "(499.5, 262.5)"
      }
    ]
  },
  {
    "id": 1,
    "image": "dataset/Aria-UI_Context-aware_Data/AMEX/screenshot/2024_4_25_10_26_e3894b2786aa429fb6c07c7e3ddbd0b5-6.png",
    "bbox": [
      825,
      333,
      941,
      387
    ],
    "conversations": [
      {
        "from": "human",
        "value": "<image>enlarge the display of the Microsoft Teams folder"
      },
      {
        "from": "gpt",
        "value": "(883, 360)"
      }
    ]
  },
  {
    "id": 1,
    "image": "desktop_domain/windows_split/20240824_034154_before_screenshot_sub0.png",
    "bbox": [
      580,
      0,
      780,
      57
    ],
    "conversations": [
      {
        "from": "human",
        "value": "<image>Extensions"
      },
      {
        "from": "gpt",
        "value": "(680, 28)"
      }
    ]
  },
  {
    "id": 1,
    "image": "desktop_domain/windows_split/20240822_112930_before_screenshot.png",
    "bbox": [
      979,
      972,
      998,
      1000
    ],
    "conversations": [
      {
        "from": "human",
        "value": "<image>Action Center, 2 new notifications"
      },
      {
        "from": "gpt",
        "value": "(988, 986)"
      }
    ]
  },
  {
    "id": 1,
    "image": "desktop_domain/windows_split/20240823_123511_before_screenshot.png",
    "bbox": [
      981,
      771,
      987,
      782
    ],
    "conversations": [
      {
        "from": "human",
        "value": "<image>Most visited sites"
      },
      {
        "from": "gpt",
        "value": "(984, 776)"
      }
    ]
  },
  {
    "id": 1,
    "image": "dataset/Aria-UI_Context-aware_Data/AMEX/screenshot/NASA_2024_3_5_22_43-271.png",
    "bbox": [
      833,
      936,
      1000,
      999
    ],
    "conversations": [
      {
        "from": "human",
        "value": "<image>listen to the audio"
      },
      {
        "from": "gpt",
        "value": "(916.5, 967.5)"
      }
    ]
  },
  {
    "id": 1,
    "image": "desktop_domain/windows_split/20240822_173456_before_screenshot.png",
    "bbox": [
      0,
      179,
      55,
      207
    ],
    "conversations": [
      {
        "from": "human",
        "value": "<image>Info"
      },
      {
        "from": "gpt",
        "value": "(27, 193)"
      }
    ]
  },
  {
    "id": 1,
    "image": "desktop_domain/windows_split/20240824_065740_before_screenshot.png",
    "bbox": [
      0,
      200,
      119,
      233
    ],
    "conversations": [
      {
        "from": "human",
        "value": "<image>Using Google services"
      },
      {
        "from": "gpt",
        "value": "(59, 216)"
      }
    ]
  },
  {
    "id": 1,
    "image": "dataset/Aria-UI_Context-aware_Data/android_control/images/3111-0.png",
    "bbox": [
      43,
      135,
      722,
      187
    ],
    "conversations": [
      {
        "from": "human",
        "value": "<image>Tap on the search bar at the top of the screen."
      },
      {
        "from": "gpt",
        "value": "(382, 161)"
      }
    ]
  },
  {
    "id": 1,
    "image": "desktop_domain/windows_split/20240823_114126_before_screenshot_sub2.png",
    "bbox": [
      188,
      870,
      404,
      910
    ],
    "conversations": [
      {
        "from": "human",
        "value": "<image>Language Chinese (Simplified, Mainland China)"
      },
      {
        "from": "gpt",
        "value": "(296, 890)"
      }
    ]
  }
]